{"cameraMode":{"drawMode":0,"name":"Shaded","section":"Shading Mode"},"sceneLighting":true,"audioPlay":false,"sceneViewState":{"m_AlwaysRefresh":false,"showFog":true,"showSkybox":true,"showFlares":true,"showImageEffects":true,"showParticleSystems":true,"showVisualEffectGraphs":true,"m_FxEnabled":true},"in2DMode":false,"pivot":{"x":-1.0527448654174805,"y":-1.6619396209716797,"z":-0.6949148178100586},"rotation":{"x":0.21941310167312623,"y":-0.6972957849502564,"z":0.23965318500995637,"w":0.6394747495651245},"size":7.505639553070068,"orthographic":false}