{"cameraMode":{"drawMode":0,"name":"Shaded","section":"Shading Mode"},"sceneLighting":false,"audioPlay":false,"sceneViewState":{"m_AlwaysRefresh":false,"showFog":true,"showSkybox":false,"showFlares":true,"showImageEffects":true,"showParticleSystems":true,"showVisualEffectGraphs":true,"m_FxEnabled":true},"in2DMode":false,"pivot":{"x":-2.7799999713897707,"y":3.0299999713897707,"z":12.550000190734864},"rotation":{"x":-0.4613713324069977,"y":0.11957529932260513,"z":-0.06236007437109947,"w":-0.8770357966423035},"size":0.043301161378622058,"orthographic":false}